index,delentropy
1012,5.633603233
1013,7.035798448
1014,6.428969988
1015,6.657023753
1016,6.936076195
1019,6.979338157
1020,7.585483934
1021,7.536318851
1022,6.971315918
1023,6.891606119
1024,7.070607864
1025,6.823974771
1035,6.152550784
1036,8.39374604
1037,7.968772368
1039,7.604432183
1048,6.961513856
1054,7.269280906
1055,8.084432043
1056,8.301217795
1057,8.270866067
1058,7.778519937
1059,8.608382326
1060,8.030560432
1061,8.362935852
1062,8.59929048
1063,7.7135174
1064,8.087361786
1065,7.181930303
1066,7.169778741
1067,6.646271
1068,6.81752764
1069,6.974203191
1070,6.94064951
1071,7.770108005
1072,7.667253405
1073,7.390895352
1074,6.246200753
1075,8.167305129
1076,7.877647344
1081,8.231812066
1082,7.479329309
1083,7.925944806
1084,6.41457653
1085,8.290218874
1089,6.183819612
1092,6.163252564
1093,7.915570084
1094,7.696305427
1095,7.632626586
1097,7.7431929
1098,7.246892706
1099,7.236836618
1100,7.262098283
1101,7.238796828
1102,7.088043357
1103,6.950774809
1104,7.06678157
1105,6.972415063
1126,7.891861784
1134,7.133638243
1135,7.105207618
115,6.663999221
1153,8.011574867
1154,7.96007947
1155,7.949137733
1156,9.008683467
1157,8.945550343
1158,8.103468149
1159,7.894386059
116,8.152092229
1160,7.161313633
1161,7.252182646
1162,7.136779272
1163,7.333104095
1164,7.320833098
1165,7.195707144
1166,7.268438507
1167,7.794791513
1168,7.677005399
1169,7.616209157
117,8.062677052
1170,7.647482588
1171,7.436943208
1172,7.59254549
1173,7.509122916
1174,7.59750523
1189,6.548173896
1190,6.470316464
1209,6.659283705
1210,5.927618631
1211,6.626801313
1272,7.71553753
1275,7.258110108
1313,6.515304333
1319,7.354415053
1320,8.134114644
1321,8.085016596
1324,6.370836641
1326,6.988817751
1329,6.270229442
1330,6.566797372
1331,6.2239415
1332,6.946640769
1333,6.157209585
1337,8.28135783
1338,8.249452832
1339,8.517051301
1340,8.421844642
1341,8.11595435
1342,7.989715438
1346,8.268934501
1347,8.402452447
1348,8.274730396
1349,7.940112054
1350,8.924639609
1351,8.235995592
1352,8.31557991
1353,7.694172459
1354,7.684725956
1355,8.237457889
1356,8.871086065
1357,8.353763523
1358,8.736941629
1365,8.207017066
1366,8.667163296
1367,8.28135783
1368,8.449943633
1369,8.218094346
1370,8.184055969
1371,8.137746149
1372,7.968927826
1373,8.420475094
1374,8.064795363
1375,8.113134718
1376,8.313606252
1377,8.148364638
1378,8.114087916
1379,7.977609456
1380,8.155480609
1381,7.801370663
1382,7.766963719
1383,8.358417505
1384,8.443713845
1385,8.507024657
1386,8.291266311
1387,7.120440127
1388,8.096511115
1389,8.449916198
1390,8.785616796
1391,8.377678647
1392,8.392985879
1393,8.292168496
1394,6.974296707
1395,7.922219142
1396,8.202991159
1397,8.362957383
1398,8.187223039
1399,8.107110978
1400,8.91100005
1401,8.320811338
1402,7.847664532
1403,8.096328683
1404,8.553711181
1405,8.263915202
1406,8.44497493
1407,8.481613504
1408,8.142898528
1409,8.153171533
1416,6.748550537
1417,6.482078593
1418,6.531215452
1419,7.000756713
1420,6.987737506
1421,7.328319055
1422,7.355013498
1423,6.948081891
1424,7.773779471
1429,7.777107814
1430,7.585585396
1431,7.534986599
1432,7.427838754
1433,7.069033466
1434,7.92028427
1435,7.740934766
1436,7.331330453
1437,7.197922604
1438,7.539677131
1439,7.845512495
1440,6.673052547
1441,7.602451297
1442,7.573330475
1443,7.460912541
1447,8.178400581
1449,7.218640516
1452,7.910547691
1453,7.665434789
1454,7.748568437
1455,6.947510494
1456,6.76180664
1457,7.153515342
1458,6.995215747
1470,6.126535997
1471,8.566443675
1472,8.408000933
1473,8.293317344
1474,8.119810005
1475,7.897003007
1476,7.846685328
1477,7.931092534
1478,7.248825573
1479,7.699254518
1480,7.490836042
1481,7.582431139
1482,8.300109652
1483,7.936929373
1489,7.90661962
1490,8.274033364
1491,8.220209834
1492,8.470872936
1493,7.837096064
1494,8.118874036
1495,8.016108716
1496,8.294065451
1497,8.231555675
1498,7.46504476
1499,7.953357644
1500,7.987305768
1501,8.042556823
1502,7.951802125
1504,8.600508602
1505,7.830284443
1506,7.527547675
1507,7.750220904
1508,6.858576587
1509,6.579218789
1510,6.702669484
1511,6.769285339
1512,7.487047979
1513,7.112003199
1514,7.238457492
1516,8.126628722
1517,7.6419849
1522,8.058173892
1523,7.65448261
1524,7.865587188
1525,6.883037538
1526,6.900646297
1527,6.837889131
1528,7.195641981
1529,7.047216804
1530,7.20051467
1531,7.013335681
1532,7.213671359
1533,7.023113715
1534,7.146095732
1535,7.274814018
1536,7.315682152
1537,7.110152994
1538,8.013921581
1539,8.013921581
1540,8.077624821
1541,7.416899547
1542,7.591283792
1543,7.178940716
1544,6.938688947
1545,8.694528522
1546,8.466956111
1547,8.217832509
1548,7.800684935
1549,8.03160097
1550,7.771338106
1551,7.464617636
1552,8.523898019
1553,7.973916166
1554,7.67387735
1555,8.429098664
1556,7.843064712
1557,7.150537893
1558,7.682332106
1559,7.807407743
1560,7.577099637
1582,6.218887519
1583,6.327278559
1584,7.848551149
1585,8.112192742
1586,7.988783309
1587,7.797587198
1588,7.702259133
1589,7.759598607
1590,7.77090164
1591,7.474481774
1592,7.847278638
1593,7.667819981
1594,7.785144666
1597,7.163428023
1598,7.385407143
1604,7.955900593
1606,7.865537208
1607,7.967859185
164,6.860502877
165,7.068330813
1668,8.804280305
1670,8.238108262
1671,8.305452534
1672,8.585116792
1681,8.53973946
1682,8.577297613
1683,8.845016035
1684,8.773229314
1685,8.397574916
1686,7.967725493
1687,8.042456626
1688,8.10049617
1689,8.050553335
1690,6.370285571
1691,6.649341897
1692,6.647105507
1693,6.856312455
1694,6.78651003
1695,7.207217316
1696,7.494421852
1697,6.997087915
1698,7.164137191
1699,7.067116205
1706,8.076477268
1707,8.290599746
173,6.598950484
174,6.74173283
175,6.41856768
1758,6.60039929
1759,6.973097983
176,6.097351632
1760,7.243531429
1767,6.028799577
1768,6.599532916
1769,7.839952407
177,6.555137432
1770,7.523443543
1779,7.236710938
178,6.713743899
179,6.402198157
1792,6.780736794
1793,6.800005242
1794,6.724048916
1795,6.727741854
1796,6.662933194
1797,6.647336168
1798,6.739688971
1799,6.647063394
180,7.033361253
1800,6.393315157
1801,6.395591598
1802,8.157823484
1803,8.064723825
1804,8.279676403
1805,7.999940367
1806,7.955109711
1808,7.900220025
1809,8.159751112
1810,7.861672413
1811,7.808069443
1812,7.555166357
1813,7.530299991
1826,6.596547573
1827,7.493136762
1829,7.979565984
1835,6.736084615
1836,6.665957375
1837,6.627971957
1838,7.07447526
1839,6.843323444
1840,8.019303118
1844,8.159030227
1846,7.958483277
1847,7.831240297
1848,7.534841795
1849,6.868008328
1850,7.282449497
1851,7.013347669
1852,7.208649359
1853,7.743513434
1857,7.330557453
1858,7.271763373
1869,6.763926774
1871,8.170324263
1873,7.825802232
1874,9.112543968
1875,8.536303174
1876,6.486263608
1877,7.90681993
1878,7.90681993
1879,7.855335785
1880,7.938219832
1881,7.617669701
1882,7.741685386
1883,7.892375107
1884,7.892375107
1885,7.942387434
1886,7.737449758
1887,7.737449758
1888,8.910168233
1903,5.459793834
1905,7.564779531
1906,7.579208158
1907,7.563060064
1908,7.658830302
1909,7.310512119
1910,7.080633217
1911,7.36735636
1913,7.192663307
1914,7.729663099
1915,7.365660481
1916,7.266892316
1917,7.451116653
1918,8.243094314
1919,7.377535628
1920,7.568070757
1921,7.319502934
1923,8.28944187
1924,7.236874153
1926,7.022848422
1929,8.70348493
1930,8.622642963
1935,6.171103309
1936,6.0488255
1937,6.513942249
1938,6.030189066
1939,5.901102372
1940,7.644705481
1941,7.644705481
1942,6.840018912
1943,7.217838878
1944,7.920505836
1945,7.040600708
1946,8.482579484
1947,7.613089401
1948,6.707809339
1949,8.040124353
1950,6.233843731
1951,6.473785676
1952,6.287348591
1953,7.601516605
1954,7.598996906
1955,7.409305927
1956,7.575704409
1957,7.015227151
1958,6.966544458
1959,6.601874783
1960,6.666974916
1961,6.595745878
1962,6.692109185
1963,6.537001341
1964,6.680268909
1965,6.471677495
1966,7.050423334
1967,6.629091147
1968,6.704841443
1969,6.54090816
1970,6.557192651
1971,6.66067269
1996,7.739929875
1998,7.814679619
1999,7.564495305
2000,6.903113812
2001,6.889895396
2002,6.918817524
2003,7.097990797
2004,7.15194937
2017,6.31164334
2018,7.822104837
2023,6.903639447
2027,5.947077647
2028,7.89478742
2029,6.401194571
2030,7.919182677
2031,8.145859197
2032,8.107033528
2040,5.721410785
2041,6.142129912
2042,6.693735451
2043,7.212644055
2044,7.556746891
2045,7.506191697
2046,7.257688112
2047,7.2273387
2048,7.150389513
2049,7.338207233
2050,7.404778509
2051,6.26817055
2052,6.167785768
2055,5.761246508
2056,5.899881709
2057,6.350026406
2058,6.007730605
2059,6.050957742
2060,9.19657583
2061,7.926523389
2062,6.791353203
2063,6.396935647
2064,7.863145342
2065,7.924696869
2066,7.747252296
2067,7.20739471
2068,7.098041663
2069,7.000485149
2070,7.004064034
2071,6.790607917
2072,6.950185915
2073,7.421278897
2074,8.002557966
2075,6.802841007
2076,7.053599829
2077,7.958253987
2078,7.918595689
2079,7.910668415
2080,7.884995759
2081,7.961321877
2082,7.484552843
2083,7.745194731
2084,7.391648724
2085,8.118363083
2086,8.131425633
2087,7.8194637
2088,8.233568212
2089,8.108833275
2090,7.488194901
2091,7.650074114
2092,7.552061776
2093,8.036809487
2094,7.773734914
2095,7.777422238
2096,7.684315843
2097,8.226042609
2098,7.846428554
2099,7.59017572
2100,7.358330314
2101,6.959646723
2102,7.303413034
2103,7.57241635
2104,7.367314671
2105,7.153683755
2106,7.38303696
2107,6.456346375
2108,6.504364867
2109,6.493471981
2110,6.4541656
2111,8.185274644
2112,7.227627499
2113,7.157251907
2114,7.176160662
2115,7.289245422
2116,8.316902953
2117,8.423028833
2118,8.136542021
2119,6.788221992
2120,8.241513247
2121,8.469409856
2122,8.234031955
2123,6.750449927
2124,8.443393103
2125,8.539019183
2126,8.537712299
2128,6.258590752
2129,6.703816198
2130,6.763726501
2131,7.23578921
2132,6.446405723
2133,6.331119556
2134,6.646613944
2135,6.683251742
2136,6.331119556
2137,6.679784829
2138,6.683251742
2139,7.602761508
2140,8.142210827
2141,8.0972583
2142,7.643323995
2143,8.787791321
2144,8.347515864
2145,7.930498514
2146,7.989219609
2156,6.721281802
2157,7.263312517
2158,7.325547141
2159,7.175107849
2160,7.20470128
2161,7.109695886
2162,7.138425502
2163,6.364152895
2164,6.522838563
2165,6.58041369
2166,6.571121879
2167,6.960767207
2168,7.232599481
2169,7.32111286
2170,7.084355736
2171,6.98955006
2172,6.179679968
2173,6.747693544
2174,7.188166889
2175,6.554601982
2176,6.398544213
2177,6.529577299
2178,6.186508098
2179,6.464713145
2180,6.652062334
2181,6.530087831
2182,7.002898771
2183,7.134564678
2184,7.699908911
2185,7.888792138
2186,7.729974693
2187,8.02533857
2188,8.108629282
2189,8.138535581
2190,6.681443919
2191,6.579378674
2192,6.834067785
2193,6.918971326
2194,6.714099333
2195,6.837861871
2196,6.767192026
2197,6.443998055
2201,6.954446998
2202,7.024081733
2203,7.115866471
2204,6.966065556
2205,6.965841527
2206,7.115866471
2207,7.091222046
2208,7.080727942
2209,6.993027173
2210,7.421711901
2211,7.132623421
2212,7.207381261
2213,7.204781509
2214,6.774839763
2215,7.133224318
2216,6.403844009
2217,6.722376114
2218,8.002591983
2219,8.103189981
2220,7.665791886
2221,7.295835044
2222,7.677089755
2223,7.819747625
2224,7.649630056
2225,8.187849226
2226,7.275740472
2227,8.075916279
2228,7.332382095
2229,7.275038843
2230,6.442852998
2231,6.874283278
2232,7.134728748
2233,6.738475047
2234,7.175899946
2235,7.166508085
2239,7.263192986
2240,7.006184073
2241,7.36136701
2242,6.542093606
2243,6.444400858
2246,6.603891755
2250,6.241382447
2251,6.300162126
2252,6.293129707
2253,6.782686541
2254,7.085010285
2255,6.719351646
2256,6.962299273
2257,6.841282343
2261,6.604317425
2262,6.585031654
2263,6.622814244
2264,6.692073052
2265,7.045131922
2266,7.266069596
2267,7.452400786
2268,7.768366841
2269,7.452520288
2270,7.007650328
2271,7.502383784
2272,6.919960855
2273,7.286120737
2274,7.722599933
2275,7.043786797
2276,7.420439234
2277,7.10226702
2278,7.188598547
2279,7.276334495
2280,7.280861025
2281,7.458112817
2282,7.01052517
2283,6.965395748
2284,7.21796993
2285,7.308240088
2286,7.203497666
2287,7.326182559
2288,7.000719338
2289,7.299170988
2290,7.300873241
2291,6.88017621
2292,7.0532768
2293,6.901888719
2294,7.361922791
2295,6.293769739
2296,6.877988408
2297,6.948343962
2298,6.223782206
2299,7.116310544
2300,7.459991809
2301,7.028877828
2302,6.47999902
2303,6.371335386
2304,6.553943748
2305,6.654332316
2306,6.378885463
2308,6.571182388
2309,6.49157515
2310,6.705773168
2313,6.84003066
2314,6.909206975
2315,7.010461177
2316,7.283760513
2317,7.111339215
2318,7.264467223
2319,7.185244977
2320,6.973693555
2321,7.274173176
2322,7.547156013
2323,7.479458291
2324,7.344116431
2336,7.56732132
2337,7.077870282
2338,7.511907749
2351,7.054479394
2352,6.964397602
2353,6.962889223
2354,6.873753116
2355,6.913372053
2356,6.909025358
2357,7.260288389
2358,7.178162017
2359,7.309640795
2360,7.078401979
2361,7.251925145
2362,7.110287371
2363,7.348806886
2364,7.53022974
2365,7.650153056
2366,7.814696022
2367,7.814696022
2368,7.212743556
2369,7.176663896
2370,7.168359109
2371,6.66062552
2374,7.686416887
2377,6.758643289
2378,6.765185362
2379,6.758643289
2380,6.797792067
2381,7.421627459
2382,7.666718833
2383,7.520231303
2393,6.932619537
2394,6.626318816
2412,7.88787242
2432,7.066056976
2433,7.034497548
2434,6.94284419
2435,7.12616517
2436,8.610662538
2437,8.577885948
2438,8.513686149
2439,6.859855774
2440,6.675716372
2441,6.716414042
2442,7.009437039
2443,7.089270852
2444,7.946215476
2445,7.656306009
2447,6.549951777
2448,6.559939513
2449,6.554453288
2450,6.436341116
2451,6.884446876
2452,6.675450066
2453,6.835126453
2454,7.042175239
2455,6.706575303
2456,6.540904344
2457,6.683639744
2465,6.918301956
2466,7.274940878
2467,6.614471673
2468,6.778848331
2469,7.205059151
2470,6.991981663
2471,7.199368866
2472,7.199368866
2473,7.199368866
2474,7.865776015
2475,7.800067733
2476,7.199368866
2478,7.199368866
2479,7.932533226
2480,7.199368866
2481,7.199368866
2482,7.61894417
2483,7.815977062
2484,7.61894417
2485,7.61894417
2486,8.15739324
2487,8.15739324
2488,8.15978562
2489,8.15739324
2492,7.523333577
2493,7.923782543
2494,7.407588043
2495,6.854850684
2496,6.975947335
2499,6.931040241
2500,6.03440396
2501,6.39539163
2502,6.344823882
2503,6.335481362
2504,6.821671527
2505,6.825186217
2506,6.828794638
2507,6.927262916
2508,6.922780801
2509,6.484704864
2510,6.621526859
2511,6.541276832
2512,6.552645071
2513,6.974804441
2514,7.318855372
2515,7.24438813
2517,7.426240439
2519,6.910307823
2520,6.890599985
2536,7.162351572
2550,6.503569263
2551,6.546760332
2552,6.495129029
2553,6.779359362
2554,6.568796733
2582,5.874929607
2583,5.597844117
2590,6.692652075
2591,6.720775504
2592,6.65653782
2593,6.522281934
2594,5.914339864
2595,6.461874113
2596,7.37016702
2597,6.340874099
2598,7.708778917
2599,6.873985803
2600,6.973006733
2601,6.657287191
2602,6.515951467
2609,7.078441496
2610,7.169158559
2611,7.163161827
2627,6.483300392
2628,7.191789215
2629,8.339636931
2630,7.818526346
2631,7.464467205
2632,7.721455192
2633,8.421448798
2634,8.321936094
2635,8.183619505
2661,6.637622489
2662,7.354233412
2663,7.226401486
2664,7.243217835
2665,7.065270948
2666,6.987506192
2667,6.466571369
2668,6.931886121
267,7.741814709
2671,7.51024135
2672,7.404581618
268,7.694729569
2680,7.849267908
2681,7.978109816
2683,7.729768446
2684,7.458855906
2685,7.893257437
2686,7.598978141
269,7.599473353
270,8.189802248
2706,6.823754128
2707,6.910830474
2708,7.085562189
2709,7.823202146
271,7.723246283
2710,6.756208632
2711,7.109037653
2712,7.100151295
2713,6.820461701
2714,7.936276464
2715,6.890239531
2716,6.816237652
2717,6.873731539
2718,7.17183841
2719,8.553513811
272,7.425702719
2720,8.957937785
2721,8.642311466
2722,6.245676932
2723,6.291180753
2724,6.007666085
2725,6.266884243
2726,6.061137893
2727,6.274619152
2728,6.301051143
2729,6.349010514
273,7.789562981
2730,6.431616428
2731,6.560024166
2732,6.46160552
2733,6.422549933
2734,6.471149304
2735,6.58297247
2736,6.571630844
2737,6.762308651
2738,6.642233604
2739,7.437187189
274,7.06479928
2740,7.501224355
2741,6.767442133
2742,6.61106796
2743,6.584002751
2744,6.553019908
2745,6.740226803
2746,7.504134345
2747,6.555168203
2748,6.564938785
2749,6.702804503
275,7.080048783
2750,7.362050574
276,7.072111415
2760,6.947271788
2761,7.003457554
2762,7.562562789
2763,6.816369771
2764,7.108160115
277,6.731758858
2774,6.732244917
2775,6.384478968
2776,6.736430778
2777,7.084057771
278,7.03072487
279,6.871078967
2806,7.148821128
2807,7.42596352
2809,7.408433789
2810,7.102379143
2812,6.819540646
2813,6.569781381
2814,6.49631216
2829,5.581651473
2830,6.08175437
2831,6.064819717
2832,6.535040364
2848,6.51037403
2859,5.933079953
2860,6.932658974
2870,6.303871498
2871,6.329837384
2872,6.529238233
2873,6.657070167
2874,6.345320946
2875,6.396121939
2876,6.891071241
2879,6.155416409
288,7.546396178
2880,6.028525526
2886,6.824012339
2887,6.550158565
2888,6.220071843
2889,6.442911791
289,7.546396178
2890,6.174815723
2891,6.133531205
2892,6.030362662
2893,8.273064791
2894,8.232097145
2895,7.757367909
2896,8.059506599
2897,6.562153017
2898,6.551917372
29,7.045985394
290,7.544101054
291,7.40514761
2910,7.50670434
2911,6.961043874
2912,7.710425246
2913,6.794685848
2914,7.932438667
2919,7.008615932
292,7.544101054
2920,6.455571636
2921,7.940574297
2922,8.006939722
2926,7.965701057
2927,7.638067483
293,7.564684125
2930,7.935704685
2931,8.032575549
2932,7.447659399
2933,7.843309365
2934,7.270352295
2935,7.369711805
2936,8.017676613
2937,8.404660832
2938,8.210754622
2939,8.310746653
294,7.555699804
295,7.234010858
296,6.92946132
297,6.92946132
298,7.521474995
2987,6.847428819
2988,6.769002267
2989,7.164138385
299,7.522357017
2990,7.055856886
2991,6.948269344
2992,7.099754375
2993,7.034649777
2994,7.472034513
2995,7.344822871
2996,6.820510188
2997,6.667259347
2998,6.583978823
2999,6.638922781
30,7.398216214
300,7.859474321
3003,6.374580679
3004,6.545610288
3005,6.51005767
3006,7.833097924
3007,6.585895909
3008,6.43695699
3009,6.729958332
301,7.671671874
3010,6.679176389
3011,6.400563334
3012,6.508880839
3013,6.620723864
3014,6.252588851
3015,6.480004877
3016,6.44463144
3017,6.589918031
3018,7.927304675
3019,8.105404226
302,7.513461428
3020,8.235289378
3024,6.506182856
3025,6.221935765
3026,6.592679115
3064,6.838745571
3065,6.521092152
3066,7.161330074
3095,7.256514492
3096,7.34738101
3097,7.050398228
3098,6.974009438
3099,7.233430727
31,6.739051014
3100,6.010374408
3101,7.547035145
3102,8.522057646
3103,8.035386081
3104,7.269803262
3105,7.429689524
3106,7.825730684
3107,8.22671472
3108,7.570545513
3109,7.800480693
3110,7.717391957
3111,7.85443635
3112,8.252033801
3113,7.879174898
3114,7.808112116
3115,7.931984378
3133,6.947927514
3134,7.666545974
3135,6.77850195
3138,6.252844549
3149,6.951340559
3150,6.643966259
3151,6.59043133
3152,6.43221103
3153,6.269451527
3154,6.568693582
3155,6.227913035
3156,7.243909769
3157,7.354419959
3158,7.050926549
3159,7.314305525
3160,7.44028794
3161,7.345153297
3162,6.518744724
3163,6.399057
32,7.021385269
3229,5.740392429
3230,6.739085173
3231,6.667892146
3232,6.574769147
3233,6.503817104
3234,6.592879419
3235,6.562815846
3236,6.494375921
3237,6.714317417
3240,7.180852504
3241,7.234512525
3243,7.728555711
3244,6.617385925
3245,6.618036499
3246,6.606845372
3247,6.62696328
3248,6.770583471
3249,6.216409658
3250,6.28321401
3251,6.836841943
3252,6.436245706
3253,6.74033923
3254,6.590408706
3255,6.522891887
3256,6.428418225
3257,6.668161029
3258,6.776684182
3259,6.596085809
3260,6.725361766
3261,6.567353613
3262,6.532996715
3266,7.342094893
3267,6.993184976
33,6.904862196
3322,7.654812161
3323,7.002445145
3324,7.902725181
3325,7.124802711
3331,6.273155954
3334,5.342313537
3335,5.488227551
3336,5.76077632
3378,5.574257834
3379,5.46630381
338,6.697732707
3380,6.006806734
3381,6.015385945
3382,6.240417137
3383,6.192526142
3384,6.536439111
3385,8.125391488
3388,7.529052319
3389,7.375862402
339,6.215650709
3390,7.782827089
3391,7.320215797
3392,7.48540315
3393,7.498055014
3394,7.739298217
34,6.794172348
340,6.33449391
3403,6.501343513
3404,6.455017349
3405,6.695477501
3406,6.639223149
3407,6.752954038
341,6.483296773
3412,7.630401521
3413,7.682728171
3415,7.644914469
3416,7.652210105
3417,6.634091493
3418,6.629442488
3419,6.608559833
3420,6.778510785
3421,6.54544052
3422,6.643167992
3423,6.693764807
3424,6.872486954
3425,6.767483014
3426,5.887633184
3427,6.273650694
3428,7.535989423
3429,7.410466763
3430,7.657425064
3431,9.220821325
3432,9.014381273
3433,9.014807063
3434,7.904753546
3435,7.582665539
3436,7.703130539
3437,8.13855471
3438,8.314967402
3439,9.012413635
3440,9.036379572
3441,7.249414589
3442,7.346074924
3443,7.197867983
3444,7.736228145
3453,6.975939138
3454,6.308912336
3455,6.308912336
3456,6.308912336
3457,6.308912336
3458,7.471824492
3461,7.45810983
3484,7.293959939
3485,6.766527932
3486,8.158994466
3487,7.313213704
3488,7.572605456
3489,7.475017246
3490,7.879676666
3491,7.309182338
3492,7.856605199
3493,7.534035241
3494,7.756902793
3495,7.756902793
3496,7.756902793
3497,8.014419874
3498,8.404357816
3499,8.404357816
3500,7.650619909
3501,7.468969994
3502,7.767413572
3504,7.284162189
3515,7.569508292
3516,8.10669235
3517,8.355144477
3518,7.93123616
3519,8.184926249
3520,8.062500471
3521,8.163251995
3545,6.732245386
3546,7.069986838
3547,7.198574906
3548,7.345354275
3549,7.221008024
3550,7.210210058
3558,7.042478514
3559,5.750260286
3560,6.346560194
3561,6.326228835
3562,6.28616883
3563,6.329443501
3564,6.607848519
3565,6.504140651
3566,6.656665124
3567,6.718520664
3568,6.248084624
3569,6.656822702
3570,5.989009832
3571,5.801871179
3572,6.086345231
3573,6.140826564
3574,5.691623949
3575,5.879155607
3576,5.879155607
3577,6.17107684
3578,6.62761058
3579,6.642222237
3580,6.452192986
3581,6.608353115
3582,7.084577871
3583,7.421544478
3584,6.821439567
3585,6.540615019
3586,8.161940784
3587,6.912249045
3588,6.305396798
3589,7.004682451
3590,6.374686292
3591,6.995713134
3592,7.032591416
3593,6.64003945
3594,6.751916059
3595,6.52410876
3596,6.714113994
3597,6.451750453
3598,6.520315537
3599,6.673040326
36,5.940032173
3600,6.275493778
3601,6.433894335
3602,6.389364958
3603,6.6035118
3604,6.610287083
3605,6.250548871
3616,6.723797362
3617,6.789373871
3618,6.759000629
3619,7.064297185
3620,6.712423706
3621,6.729655664
3625,6.522607476
3626,6.637248312
3627,6.738099549
3628,7.393410086
3629,7.362785261
3630,7.149908791
3631,7.35365559
3632,7.384176775
3633,7.725406835
3634,9.436324861
3635,6.994228096
3636,7.158790805
3637,6.587573037
3639,6.569593072
3641,7.431758296
3643,7.561367262
3644,7.355581466
3645,6.747582206
3646,7.11390511
3648,7.418961599
3649,7.475864844
3650,7.41290609
3651,7.095950622
3652,7.310895829
3653,7.331357819
3654,8.825533939
3655,7.845800489
3656,7.744500324
3657,7.415573599
3658,7.689673943
3659,7.635226837
3660,6.087525982
367,6.838832364
368,6.836627208
369,6.760432107
3692,6.679003928
3693,6.266275111
3694,7.312692257
37,6.016352575
370,6.765138057
3700,7.049325638
3701,7.201712695
3702,7.021056553
371,7.103622352
372,7.268927494
373,7.046733323
374,7.12536836
375,6.954625456
376,7.15690286
3767,6.969370547
3768,6.83157864
3769,6.511030284
3783,5.855586469
3784,6.755984696
3785,6.553934882
3786,6.949922236
3787,6.509630744
38,6.104217012
3866,5.729490722
3869,6.618162975
3870,6.490723618
39,6.133643757
3914,7.637912038
3915,7.535744728
3916,7.61670075
3917,7.772442349
3918,7.798845819
3932,6.935082525
3934,8.308365459
3935,7.95864436
3953,7.741432393
3954,7.391998507
3955,6.674772873
3956,7.045233185
396,6.088379893
397,6.458231589
398,6.66628892
399,6.498179829
3990,6.598482873
3991,6.432626317
3992,6.65848501
3993,6.568688802
3994,6.517208744
3995,6.396031503
40,6.106522601
401,6.392078889
4013,6.951036022
4014,7.739983617
4015,7.859558358
4016,7.739913321
4017,7.305309586
4018,7.560553861
402,6.659916676
4020,7.443476543
4021,7.899599145
4022,6.343802593
4023,6.482849849
4024,7.358085003
4025,6.794028417
4026,6.564668747
4027,7.044976393
4028,7.077714791
403,6.537126191
4032,7.55095138
4033,7.303485685
4034,6.613016954
4035,6.450864165
4036,6.74861204
4037,7.127659334
4038,7.318974528
4039,8.317154906
404,6.49994814
4040,8.15898145
4041,8.346394283
4042,8.433822184
4043,7.683101533
4044,8.111931326
4045,8.204704649
4046,8.42107791
4047,6.989206115
4048,7.220912787
4049,8.063614744
405,6.410734344
4050,8.098003954
4051,7.585124986
4052,7.972052914
4053,6.307962358
4054,6.057263253
4055,7.371035773
4056,7.694480549
4057,7.628190421
4058,7.641394095
4059,7.962891631
406,6.422469275
4060,7.869773287
4061,7.850560484
4062,7.583393561
4063,7.987435812
4064,7.462901951
4065,7.464041866
4066,7.626174031
4067,8.178847667
4068,8.531998311
4069,8.276751006
407,6.514462274
4070,8.256420343
4071,8.668969909
4072,6.532632143
4073,6.863909559
4074,7.511243816
4075,7.592935567
4076,6.797059773
4077,6.438807591
4078,8.041786866
4079,8.028539071
408,6.788180001
4080,8.801289001
4081,6.302884431
4082,6.346769501
4083,6.498276376
4084,6.484717212
4085,6.279183102
4086,6.345653952
4087,6.478979669
4088,6.458583524
4089,6.693139159
409,7.097446057
4090,6.348946935
4091,6.319585236
4092,6.435778715
4093,6.682548995
4094,6.298682058
4095,6.457035841
4096,6.324504808
4097,6.498347283
4098,6.911524696
4099,6.896567791
410,6.979430381
4106,6.651176882
411,6.848422619
412,6.869565029
413,7.635777254
414,7.593315033
415,7.615825067
4159,6.889443858
416,7.542849945
4160,6.932254947
4161,6.881442284
4162,6.945596899
4163,6.699938955
4164,6.791760344
4165,6.96231118
4175,7.525088754
4176,8.314275065
4177,7.520500797
4178,7.198849514
4179,8.735110513
418,6.907356892
4180,7.60249114
4181,7.197871993
4182,8.243346805
4183,8.243346805
4184,7.150045503
4185,7.220473526
4188,8.718120339
4195,7.282936697
4197,7.135255028
4198,7.192094377
4202,5.818790516
4203,6.130768128
4205,6.461624466
4206,6.825556294
4207,6.455530564
4208,7.158001269
4210,6.812162923
4211,7.963997722
4212,7.473739668
4213,7.765101324
4214,7.489211634
4215,7.648500011
4216,7.116490879
4217,6.983403483
4218,7.357962631
4219,7.52994293
4220,7.593403507
4221,7.614595309
4222,7.803341468
4223,7.472595872
4224,7.225989592
4225,7.316019039
4226,7.378870461
4227,7.369093123
4228,6.017473318
4229,7.126999662
4230,7.873592293
4231,7.62305737
4232,8.067352927
4233,8.411066114
4240,7.914391396
4241,8.145490776
4242,8.54286129
4243,8.3739134
4244,6.759519801
4245,7.485146685
4246,6.559075977
4247,6.467977764
4248,6.897015609
4249,7.722855645
4250,6.862314299
4251,8.507053597
4252,6.975862586
4253,6.730486074
4254,8.135857232
4255,8.113434092
4256,8.192260186
4257,7.731606729
4258,8.149891379
4259,8.006150182
4260,7.881315889
4261,7.809099882
4262,8.103803095
4263,7.550450198
4264,7.654422498
4265,7.987150925
4266,7.895374244
4267,7.670381005
4268,7.655941586
4269,7.490009909
4270,7.577400267
4271,7.535386956
4272,7.81734954
4273,7.184880038
4274,7.114724786
4275,7.114724786
4276,6.985649504
4277,7.258033443
4278,7.009031941
4279,6.788926886
4280,6.804820673
4281,7.665344952
4282,6.62293785
4283,7.232739419
4284,7.363266809
4285,6.508399824
4286,6.411101142
4287,6.686757261
4288,6.47053073
4289,6.752859888
4290,6.427346403
4291,6.697478143
4292,6.395396385
4293,6.469818468
4294,6.889677228
4295,6.88357028
4296,6.996241069
4297,6.893373577
4298,6.919676542
4299,7.064873735
4300,7.104715139
4316,6.846430091
4338,6.648476679
4339,6.713843837
4340,6.479810082
4341,6.67117571
4359,7.754474194
4360,7.760636138
4361,7.452863087
4362,7.745444057
4363,7.682004672
4364,7.068740512
4366,8.148358834
4367,6.472402107
4368,6.382759165
4369,6.834501438
4370,7.32276044
4371,7.263216052
4372,7.203782648
4389,7.045364823
4390,7.134187077
4391,7.173641226
4392,6.889930461
4393,7.20528638
4401,7.178735618
4402,7.231371465
4403,6.957344648
4404,7.418885841
4405,7.563662317
4411,7.977353598
4414,8.060691969
4415,8.180214186
4416,8.016197078
4417,7.555291304
4419,7.376744118
4420,7.067744985
4421,7.375340692
4422,7.186765666
4423,7.165167883
4424,7.129863695
4425,7.224688146
4458,6.6811921
4460,6.416211827
4468,6.570073871
4469,6.427223147
4470,6.576530956
4471,6.611888421
4472,6.876834625
4473,6.433163949
4474,6.793520906
4475,6.426080998
4476,6.574798849
4477,6.761472523
4478,7.127536305
4479,8.348938306
4480,6.356635317
4481,6.470409954
4482,6.405957704
4483,6.606760724
4484,6.502576847
4485,7.215831194
4486,7.516053727
4487,6.979679498
4489,7.209884307
4490,6.991070581
4491,6.647658591
4492,7.536222342
450,7.890665166
451,7.977964997
4514,7.037594553
4516,7.557416355
4518,7.416448031
4519,7.226529568
452,7.962119324
4521,7.190107878
4522,7.154189637
453,7.763907456
4536,7.49595306
4537,7.010716477
4538,6.724124505
4539,7.242046475
454,7.985535902
4540,6.815752235
4541,6.718200143
455,8.347003495
4555,6.38328534
4556,6.502533545
4558,6.566700739
456,8.018759495
4560,7.363046278
4561,6.721432698
4562,8.261275445
4563,8.487771899
4564,8.030276753
4565,8.127353133
4566,7.903873373
4567,8.34844204
4568,8.28416204
4569,8.246142199
457,8.34488257
4570,7.005749254
4571,7.263160546
4572,7.153713004
4573,7.318095226
4576,7.812755011
4577,7.763946445
4579,7.971310733
458,7.955409661
4580,7.866428732
4581,7.857935731
4582,8.040089243
4583,7.733487786
4584,7.84526729
4585,7.695392151
4586,7.559634232
4587,7.759976434
4588,7.773304586
4589,7.396480083
459,6.770306555
4590,7.362539209
4591,7.194250746
4592,7.176236351
4593,6.559492469
4594,7.211790046
4595,6.465437059
4596,6.436697267
4597,6.353600411
4598,6.957838981
4599,6.17831802
460,6.732373868
4600,6.423265442
4601,6.654089734
4602,6.285041047
4603,6.687512612
4604,7.589577597
4605,7.605699368
4606,7.088102425
4607,7.602830885
4608,8.306607158
4609,8.267947196
461,6.742516456
4610,7.133586542
4611,7.276736502
4612,7.136377697
462,6.525334952
4621,5.875952017
4641,7.61963464
4642,7.478974137
4643,7.404945293
4644,7.469306482
4645,7.527024956
4646,7.795444057
4647,7.766625779
4648,6.99884643
4649,7.578226963
4650,7.589559994
4651,7.628507854
4652,7.449814959
4653,6.115428799
4654,6.229143073
4655,6.799414888
4659,7.221896771
4660,7.502222638
4663,6.557747624
4664,7.580555204
4665,6.433113853
4666,6.786771011
4667,7.319855551
4668,7.286092238
4669,7.226891959
4670,7.657682422
4671,7.296575018
4672,7.285585334
4673,6.901018156
4674,6.916174896
468,7.871644032
4681,6.27750175
4682,6.489040151
4683,6.479865945
4684,6.505696293
4685,5.979093881
4686,7.346075665
4688,7.286597796
4689,8.406936827
469,7.79721543
4690,7.400410599
4694,7.343723076
4695,7.046572511
4696,7.317131512
4697,7.479395404
4698,7.093656262
4699,7.059644265
470,8.194049049
4700,6.758316077
4701,6.774519173
4702,6.342369841
4703,6.741117352
4704,6.567787556
471,7.728246148
472,8.108744701
473,8.320796127
4734,7.708165869
4735,7.320709342
4736,7.328522339
4739,7.989717891
4740,7.768344139
4741,7.592601267
4742,7.524276018
4744,6.559402376
4745,6.64080904
4746,6.892297878
4747,7.369242434
4748,7.242139507
4749,7.264705688
475,7.186997602
4750,7.225179095
4760,8.291459599
4761,8.100556115
4762,7.647077073
4763,8.329134994
4764,8.102057861
4765,8.004786035
4767,8.183129212
4768,8.154780643
4773,6.582405944
4774,6.569853472
4775,6.369869822
4776,6.471847325
4777,6.654295345
4778,6.331549637
4779,6.356001978
4780,6.627456274
4781,6.364822978
4782,6.54096612
4785,6.90229489
4796,7.842483352
4798,7.334462991
4800,8.672753978
4801,7.795637153
4802,7.712602104
4803,7.921552911
4805,7.972812252
4806,8.217732236
4807,8.610331053
4808,7.460518943
4809,7.471776329
4810,7.49942877
4811,7.576501963
4812,8.136983691
4816,7.168150467
4817,7.226868152
4818,7.949472303
4819,7.949472303
4831,6.359018789
4832,6.509622678
4837,6.962250216
4838,8.143433502
4839,8.523956016
4840,8.046986686
4841,8.153785362
4845,8.140555143
4846,8.442801301
4847,8.162208551
4848,8.047402608
4870,7.9583211
4871,7.665006665
4872,7.711625
4873,7.05179426
4874,7.094947173
4875,7.473658064
4876,7.390413673
4877,6.858321528
4878,6.913303957
4879,6.98073846
4880,6.859119631
4883,5.551600212
489,8.498546519
4891,8.329065594
4892,8.00443664
4893,7.947622108
4894,8.330274197
4895,7.925102149
4896,7.962672301
4897,7.29479053
4898,8.155240089
4899,7.662201138
490,8.428342089
4900,7.56195401
4901,8.074522657
4902,8.037398195
4903,7.197605684
4904,8.449452441
4905,7.942968363
4906,8.553720727
4907,8.588173985
4908,7.582831305
4909,7.83347358
491,7.905087475
4915,7.829136389
4916,7.3216439
4917,7.611160628
4918,7.548848914
4919,7.311478189
492,7.864101205
4920,7.411882211
4921,7.314604617
4922,9.302754355
4923,8.164474449
493,7.77544892
4932,6.617190146
4933,6.430777547
4934,6.807885205
4935,8.340464937
4936,8.684898703
4937,8.066517527
4938,7.602792929
4939,7.620186379
494,7.962172083
4940,7.068117073
4941,7.502428082
4947,6.637334655
4948,6.931789691
495,7.817699971
4953,5.592420697
4954,5.9430429
4955,7.344181524
4959,6.949811524
496,7.627457759
4961,6.596619028
4980,7.207834742
4981,8.063828789
4982,6.776917701
4983,6.884434901
4984,6.647387121
4985,7.606827877
4986,7.652624044
4987,7.820107666
4988,7.961440945
4989,6.726324066
4990,7.913200929
4991,7.123656155
4992,5.723086069
4993,7.455900375
4994,5.962027592
4995,7.161378107
5000,6.489713069
5001,6.383835866
5002,5.973031713
5006,8.153489553
5009,6.686159484
5010,7.559360333
5011,6.053994928
5012,6.849899654
5013,6.206627589
5015,6.514487576
5016,6.491928033
5017,7.733833348
5019,5.838989039
5033,7.082633205
5034,6.943516693
5035,7.465561359
5036,6.909589516
5037,7.376170982
5038,7.38204623
5040,6.406444389
5041,7.605473423
5042,7.570723106
5043,7.320800349
5045,8.004758099
5046,8.362094668
5047,7.862775933
5048,8.320244582
5049,8.29699021
5050,7.39188249
5051,7.387516219
5052,7.366913593
5053,7.642551294
5054,7.796268632
5055,8.01539212
5056,7.802929262
5057,8.032500448
5058,7.81747381
5059,7.78850985
5060,7.74185133
5061,7.979754178
5062,7.762066512
5076,6.995964759
5077,6.692559319
5078,6.90471215
5079,6.93214686
5081,7.457567579
5082,7.554775237
5083,7.181366423
5084,7.701830127
5085,7.431241794
5086,7.193967783
5087,7.201202068
5088,7.262111605
5108,6.57538815
5129,6.780044761
5130,6.558664221
5131,7.432209
5140,6.082789535
5141,6.090181269
5171,6.340433478
5177,7.28320213
5178,7.660551383
5179,7.047477245
5180,7.37318143
52,6.829067753
5247,6.106792128
5288,7.307022663
5289,7.307022663
5290,7.204205732
5291,7.253911704
5292,7.301188046
5293,7.301188046
5294,7.064596336
5295,7.176552742
5296,7.165264591
5297,7.188036603
5298,7.089134484
5299,7.216692124
534,7.239813612
535,7.054867776
536,7.784493612
537,7.125354646
5372,7.643322926
5373,7.733256391
5374,7.226925159
5375,7.398671653
5376,7.302097168
5377,7.521875218
5378,7.520523047
5379,7.242214038
538,7.823099676
5380,7.651130084
5381,7.474949075
539,7.246648999
54,7.6561584
540,7.534046281
541,8.013668879
542,8.018313907
5423,8.015767709
5424,8.12792211
5425,7.742882563
543,7.954311199
5431,5.764473827
5432,6.339583125
5433,6.108626302
5434,6.447933473
5435,6.46849396
5436,5.846498187
544,8.302140893
545,7.019446026
547,6.160232195
5474,7.392294147
5475,7.17117945
5476,7.26729101
5477,7.111623163
5478,7.251694582
5479,7.382957428
548,6.169113138
5480,7.357624076
5481,7.104459376
5482,7.243041732
5483,6.750153149
5484,7.724329639
5485,7.287491925
5486,7.040249277
5487,7.875907518
549,6.35112946
5496,6.853632496
5497,6.913236326
5498,8.157512101
5499,7.548066119
55,7.691889316
550,6.3014289
5500,6.989230055
5501,6.958446719
5502,7.130704707
5503,7.085197774
5504,7.103975408
551,6.352641516
5517,8.692784374
552,6.615380934
5520,8.208512131
5521,8.458048281
5524,8.261076447
553,6.650734462
554,6.836793382
5542,7.246735874
5543,6.981290909
5544,7.046426797
5545,6.931301314
5546,7.918656522
5547,7.889234341
5548,7.810672602
5549,7.898769211
555,7.653729454
5554,9.286348521
5555,7.781827502
5556,7.27011825
5557,7.909433696
5558,7.721979221
5559,7.784348067
556,7.760493893
5560,7.517170779
5561,9.113240261
5562,9.765256802
557,7.890850922
558,7.890850922
5587,6.964632619
5588,6.984314953
5589,7.739786978
559,7.722228789
5590,7.739786978
5591,7.215047257
5592,7.536747638
5593,7.787335845
5594,7.469036117
5595,7.748036843
5598,7.211364776
5599,6.750957747
560,7.722228789
5600,7.67331026
5601,8.396753471
5602,8.584504598
5603,7.378126077
5604,7.496407104
5605,7.425952312
5606,6.980816679
5607,6.8583453
5608,6.995869484
561,8.286662119
5617,5.691549152
5619,5.523981809
562,7.099800757
5625,6.59462993
5626,7.746130511
5627,7.621296807
5628,7.60005584
5629,7.121321596
563,8.437633977
5630,7.076966072
5631,6.873325136
5632,7.406522301
5633,7.210943057
5634,6.795409565
5635,7.039779328
5636,6.202673596
5637,6.220050846
5638,6.472911624
5639,7.649660134
564,7.32305503
5640,7.464160405
5641,6.15263775
5642,6.532214039
5643,6.464876568
5644,6.410883305
5645,7.263669328
5646,7.597656399
5647,7.428971341
5648,7.286571288
5649,7.216744109
565,7.429258673
5650,8.153510012
5654,7.734489745
5655,7.678021683
5656,7.67727019
5657,7.582864261
5658,7.591929976
5659,7.58877031
566,7.357297265
5662,8.216912692
5663,7.714932704
5664,7.955361565
5665,7.85553559
5666,7.669675908
5667,6.414274682
5668,6.415911629
5669,6.366131959
5670,8.746395591
5671,7.889104446
5672,8.495023949
5673,8.553335007
5674,7.145987881
5675,7.427109918
5676,7.949008697
5677,7.427109918
5678,7.427109918
5680,7.50817166
5681,7.520072645
5682,7.358195573
5683,7.296340783
5684,7.206719541
5685,7.293990038
5686,8.554938084
5687,8.267952778
5694,8.467867328
5699,7.397246037
5701,7.213284796
5707,7.167741377
571,8.08970285
5710,7.417849238
5711,8.740353393
5712,8.575109046
5713,7.423073034
5714,7.166387365
5715,7.288864481
5716,8.532506601
5717,8.670293983
5718,8.795233813
5719,8.719938877
572,8.389427338
5720,7.178782622
5721,7.171747168
5722,8.543602494
5723,8.325952584
5724,7.061855195
5729,7.701262371
573,8.526955918
5730,7.43178292
5731,7.512398046
5732,7.514657675
5733,7.297007787
5734,7.251855418
5735,7.302962537
5736,7.662150298
5737,8.490467657
5738,8.07366373
5739,7.255788513
574,8.556921297
5744,7.824150661
5745,7.437360568
5746,6.977617887
575,8.349737334
576,8.434863839
5762,7.034965783
5763,7.205163589
5764,7.268826513
5765,8.016345924
5766,6.705723919
5767,6.746787252
5768,6.22056875
5769,7.755979642
577,8.229242618
5770,7.948665477
5771,8.136631373
5772,8.0029476
5773,7.43367219
5774,8.134402978
5776,7.949090569
5778,7.426128608
5779,7.35612366
578,8.178471136
5781,7.854153883
579,8.088858269
5791,7.18348182
5792,6.651965457
5793,6.699893359
5794,7.178762563
5799,7.567728329
580,8.47326731
5800,8.259216974
5801,7.81596605
5807,7.206004356
581,8.43428283
5812,6.301670744
5813,8.158883954
5814,7.726336397
5815,7.994790768
5817,8.190074461
5819,7.794843458
5820,6.791074928
5822,7.825783421
5823,7.825783421
5824,7.825783421
5825,7.825783421
5826,7.712994987
5827,8.016724271
5828,7.838801303
5829,6.503978714
5830,7.924983408
5831,6.369130921
5832,6.350385034
5833,7.987945362
5834,7.805678006
584,6.611682792
5841,6.105938691
5842,7.077227133
5843,6.213725373
5844,8.184713074
5845,7.943229049
5848,8.108407341
585,6.766784484
5850,6.958211654
5853,6.973340313
586,7.136428339
5866,7.027936028
5867,7.221714513
5868,7.172530079
5869,7.372796125
587,7.321774124
5870,7.409448674
5871,7.377919432
5872,8.00424531
5873,7.956825787
5874,8.094624545
5875,8.19807851
5876,8.106901508
5877,8.09913209
5878,6.686063015
5879,7.778389495
588,6.625483075
5880,7.508541464
5885,7.625613178
5886,7.287367944
5889,5.227817449
589,6.554600406
5890,6.538776988
5891,7.372744795
5892,7.23205684
5893,7.277748572
5894,7.553809214
5895,7.36872582
5896,8.731438865
5897,7.475796295
5898,7.351703178
5899,8.914623015
5900,8.715836732
5902,7.659044072
5903,8.939220617
5904,7.974576483
5905,8.323901848
5906,7.909903142
5907,7.176944279
5908,6.978361892
5909,7.109090109
5911,7.364638041
5912,7.219611864
5913,7.341882401
5914,7.342984917
5916,7.771312551
5917,6.846687744
5919,7.972706429
5921,7.745769264
5922,7.63783428
5928,5.970953222
5937,6.75843283
5940,6.960860796
5941,7.020209425
5942,6.881757144
5943,7.19446899
5947,7.691825003
5948,7.51908469
5949,7.384963168
5950,8.125601337
5951,7.373277598
5952,7.432803696
5953,7.669148915
5954,7.644880744
5955,6.820503738
5960,8.643512555
5961,8.482565899
5962,9.179743421
5963,8.109365029
5964,8.109365029
5965,8.109365029
5966,9.179743421
5967,9.098573256
5968,8.109365029
5969,8.395731081
5970,8.621792458
5971,8.621792458
5972,8.914217911
5973,8.369590554
5974,6.425277295
5975,6.928968507
5977,6.433728312
5979,5.916424037
5980,7.576525063
5981,7.623888791
5982,7.43639962
5983,7.801286209
5984,7.954649603
5985,7.489750751
5986,7.502386084
5988,6.588792979
5989,6.455231162
5990,5.964945803
5991,6.708856623
5992,6.043506638
5993,6.011036286
5994,6.169510957
5995,6.509238179
6000,7.220260977
6001,7.003847628
6002,7.471350641
6003,7.69137331
6004,6.934747321
6005,6.949613245
6006,7.372296198
6007,7.467183688
6008,7.503389564
6009,7.288723696
6010,6.363438737
6011,6.554040307
6012,7.267071906
6013,7.760526383
6014,6.53012897
6015,6.407774922
6016,6.855365372
6017,7.256431357
6018,6.559815878
6019,6.45345065
6020,6.526801284
6021,7.045697728
6022,7.166537828
6023,7.272648058
6024,6.885184199
6025,7.007360446
6026,7.435373024
6027,7.114245315
6028,7.238166315
6029,7.264853803
6030,6.979580724
6031,7.583265412
6032,7.295810131
6033,7.698441044
6034,7.592512763
6035,7.603843543
6036,7.603733928
6037,7.869471363
6038,6.511113723
6039,6.299806815
6040,6.987783043
6041,6.669398329
6042,6.813432826
6043,6.736967673
6044,6.674607787
6045,7.149143141
6046,7.218338331
6047,8.09196738
6048,8.103249721
6049,8.231270872
605,6.404780674
6050,8.162753169
6051,7.991020235
6052,6.68459426
6053,6.174476009
6054,5.912504551
6055,7.132050911
6056,8.046105934
6057,8.240935177
6058,6.338015053
6059,6.37821057
606,6.328461533
6060,6.694780138
6061,6.954501741
6062,6.850783702
6063,6.96660222
607,6.385931728
6071,7.575714921
6072,7.716708464
6073,7.562041562
6074,7.868734381
6075,7.279297116
6076,7.425974549
6077,8.003285106
6078,8.051751705
6079,7.515056838
608,6.537286184
6080,8.082789107
6081,7.270769586
6082,7.228275104
6083,7.799935067
6084,7.793744218
6085,8.037858342
6086,7.709875524
6087,7.793787269
6088,7.079522473
6089,7.151068564
609,6.574351916
6093,7.176635266
6094,7.532505375
6095,8.082758096
6096,7.540539534
6097,6.463128886
6098,6.341309689
6099,6.406382965
610,7.142794693
6101,6.527048903
6103,6.335312488
6104,6.609294651
611,6.916294686
6113,7.877063712
6114,7.817192016
6115,7.805224406
6116,8.338827782
6117,6.534463649
6118,6.782818056
6119,6.964881406
612,6.767400502
6123,6.668727905
6124,7.025921856
6125,7.04948354
6126,6.84969175
6127,6.429248965
6128,6.418550025
613,7.120706897
6130,6.920404999
6131,6.816641472
6132,6.853048405
6133,7.298175055
6134,8.816108159
6135,7.269029722
6136,7.08565846
6137,7.138594063
6138,6.79208934
6139,7.244790182
614,5.888864272
615,6.119432177
6152,8.205677143
6154,7.930347394
6155,7.793940426
616,5.876028099
6160,6.289249748
6162,6.476310561
6164,6.364560577
6166,6.364560577
6167,6.459693192
6168,6.720953632
6169,6.72239073
617,5.897259604
6171,6.705909868
6172,8.283342038
6174,9.150542888
6175,6.286379299
6176,8.323108462
618,5.889603326
6183,8.02587525
6184,7.713758978
6185,7.688569285
6186,7.787167624
6187,7.879360245
6188,7.045241126
6189,7.513927099
619,6.217014409
6195,7.496512507
6196,7.518055348
6197,7.162624028
6198,7.409022109
620,6.457637757
6201,5.943942463
6202,7.315947754
6203,7.890396
6204,7.288145607
6205,7.950385494
6206,7.853811355
6207,7.904794754
6208,8.145806937
6209,7.578845911
621,6.583727008
6210,8.554817564
6211,7.661774503
6212,7.291759402
6214,7.275531706
6215,7.561926788
622,6.71629163
6226,8.470245221
6227,8.810544796
6228,6.970173874
6229,6.988865862
623,6.709610255
6230,7.019655641
6231,7.059654401
6232,7.024698583
6233,7.089251355
6234,7.701132156
6235,7.66825673
6236,7.606679125
6237,7.358515568
6238,6.815184027
6239,8.371543177
624,6.546493988
6240,8.170643731
6241,7.933295263
6242,5.956212632
6243,5.919798783
6244,6.64545683
6245,6.246968135
6246,6.989731906
6247,6.461739964
6248,6.979246047
6249,6.600979786
625,6.944371877
6250,6.74618847
6251,6.931375507
6252,6.511995464
6253,6.973115767
6254,7.828099909
6255,7.768252707
6256,7.933958065
6257,7.281425348
6258,7.312195166
6259,7.606609929
626,7.023309412
6260,7.605728813
6261,6.674539664
6262,6.572637373
6263,6.683779155
6264,6.641447261
6265,7.234636147
6266,7.210061445
6267,7.742832236
6268,6.659026264
6269,6.79190958
627,7.124901613
628,6.934635796
6283,7.346255795
6284,7.1381981
6285,7.275834156
6286,7.397614247
6287,7.451960257
6288,7.146974077
6289,7.25125638
6290,7.460856474
6293,7.970279591
6294,8.051598691
6295,8.327397077
6304,7.065492586
6307,6.686933671
6308,7.236710765
6309,8.444273629
6312,6.416154194
6313,5.687562956
6314,5.542220183
6315,7.651155802
6316,7.567159495
6317,7.584824731
6318,7.379057177
6319,6.726705095
632,7.314312279
6341,8.292527183
6343,8.956119574
6344,8.799616882
6345,7.470603199
6347,7.793920294
6348,7.517685947
6349,7.730572752
6350,6.918754992
6351,6.908447124
6352,6.698842469
6353,6.882092023
6354,6.635505291
6355,6.919264081
6356,6.969049177
6357,6.808728094
6358,7.108669974
6359,7.111680631
6360,7.092218645
6366,7.813692371
6368,7.559710034
637,8.677050838
6371,7.202032489
6372,7.431000168
6373,7.755247327
6375,7.294715318
6376,8.269727656
6377,8.023174149
6378,7.787310773
6379,7.703292101
638,8.74248891
6380,7.650100244
6381,7.322121929
6383,7.905267686
6386,8.043752199
6389,7.609784238
639,8.405297666
6390,8.236979508
6391,8.085879986
6396,6.508441627
6397,6.614643373
6398,6.731663078
6405,6.859555686
6406,6.977957494
6407,6.977957494
6408,7.687459093
6409,7.118191536
6410,7.118191536
6411,7.113900675
6412,8.033192459
6416,6.343278138
6419,6.289836366
6420,6.230837383
6421,6.340315871
6422,8.54702698
6423,7.579554975
6424,8.495680847
6425,7.596787919
6429,7.679816552
6430,7.68541951
6431,7.951375611
6434,7.792799746
6435,7.901541863
6436,7.029585275
6437,6.206900222
6438,7.546999096
644,8.044995818
6440,6.742308791
6441,6.70256271
6442,7.029629668
6443,7.198668389
6444,7.159485734
6445,7.249046151
6446,7.27044648
6447,7.082253914
6448,7.246020568
6449,6.882787571
6450,7.583802369
6451,7.14519606
6452,7.747531184
6453,7.253598804
6454,7.595360698
646,7.552507443
6460,7.619056337
6466,6.496761627
6468,8.09699803
6469,8.028474424
6470,8.09699803
6471,7.574090666
6472,7.681484613
6473,7.75782492
6474,7.571973415
6475,7.896058256
6476,7.947783393
6477,7.830481337
6478,7.998190443
6479,8.064079617
6480,7.780689676
649,8.611257802
6491,7.95591157
6492,7.303992725
6494,5.971337822
6496,7.655098565
6497,7.251457189
6498,7.413276869
650,8.556427509
651,8.577377386
652,8.180212909
6528,7.411297796
6529,7.981405227
653,7.751770065
6530,7.645085487
6531,7.026697104
6532,6.837463254
6533,7.128391372
6534,7.361404446
6535,6.655311927
6536,6.318678299
6537,7.64664878
6538,7.923527261
6539,8.038944288
654,8.419286864
6540,7.901946633
6541,7.876868879
6542,7.731036569
6546,6.443641717
6547,5.985895443
6548,6.858178583
6549,6.220745361
655,6.710003329
6550,6.158079589
6551,6.20188548
6552,7.180455774
6553,7.96077932
6554,7.848181323
656,7.087499274
6562,8.487043883
6563,8.196535448
6564,8.540894868
6565,5.951255374
6566,8.373399316
6567,7.668099302
6568,7.826525514
657,6.843557493
6570,7.939879272
6576,7.805411325
6577,8.092390179
6579,7.358931328
658,6.96013186
6580,7.696633058
6581,8.213023109
6582,7.552854319
6583,7.888260604
6584,7.149928763
6585,7.669710687
6586,6.371880796
6587,7.777204822
6588,7.661991292
6589,7.128181551
659,7.50296185
6590,7.436495242
6591,7.184174569
6592,6.898015319
6593,7.745742645
6594,7.774451608
6595,7.677083765
6596,7.603934603
660,7.525707274
6603,8.133390826
6604,8.433900766
6605,8.153441866
6606,7.610992315
6607,8.413133749
6608,7.775180881
6609,7.894695203
661,7.465165381
6610,7.873707679
6617,7.039751949
6618,8.248248429
6619,7.693081977
662,7.583508283
6620,6.389651525
6621,7.386350136
6622,7.257453722
6623,7.164417452
6625,7.574458872
6626,8.661619693
6627,8.728132821
6628,7.976765675
6629,8.146311468
663,7.726330456
6630,7.901443439
6633,7.76869697
6634,8.233197385
6635,7.761578624
6637,7.987809113
6638,7.859854572
664,8.20321451
6641,7.532788995
6642,7.435211685
6643,7.619578533
6644,7.015651017
6645,7.15000789
6648,7.511978739
6649,7.609236275
665,7.639065493
6650,7.381484477
6651,7.786689403
6652,7.713857644
6653,7.72224368
6654,7.801463669
6655,7.720469046
6656,6.523798889
6657,8.160728867
6658,8.350997472
666,6.901476206
6661,8.457087291
6662,7.882044184
6663,8.151299027
6665,7.889220497
6666,7.375712249
6667,7.236817067
6668,8.000386182
6669,8.11658106
667,6.978046191
6670,7.937226905
6671,7.807290056
6672,7.151892925
6673,7.175491649
6674,8.183096117
6676,8.062680093
6677,8.193400807
6678,8.069015392
6679,7.903729962
668,7.139171767
6680,7.403435017
6681,7.440223208
6682,7.591296948
6683,7.534244301
669,7.176696036
6690,7.765724563
6693,7.963412767
6694,7.827684635
6695,8.147236709
6699,7.118971938
67,5.560062568
670,6.837584354
6700,6.706624711
6701,7.094434925
6702,7.070285229
6703,7.018208307
6704,7.136584352
6705,7.015981764
6706,8.022062268
6707,8.041611248
6708,8.131350214
6709,8.66322869
6710,8.59353542
6711,8.490633456
6724,6.1680642
6725,6.570461267
6726,6.464811324
6727,5.878576357
6728,5.842005887
6729,6.25547103
6730,6.304159277
6731,6.578487732
6732,6.638847133
6733,6.613876608
6734,6.42681472
6735,6.97931779
6736,6.428724945
6737,6.56212707
6738,6.461804963
6739,6.961117085
6740,6.964180347
6741,6.531457712
6742,6.455523257
6765,7.95329226
6780,7.630034709
68,5.641557262
6829,6.290323741
6841,6.627135735
6842,6.487147338
6843,6.66603041
6845,6.612272578
6850,8.515397727
6862,7.938529713
6863,6.478972983
6869,7.828146002
687,7.243096142
688,7.502292361
689,7.557926312
69,5.787536019
690,7.336507238
6906,6.720625003
6907,6.76294605
6908,7.055945773
6909,7.043845207
691,7.639504074
6921,7.119869322
6922,7.106742974
6923,7.325225939
6924,7.207305949
6925,7.323904673
6926,7.327480714
6927,7.580917912
6928,7.314156422
6929,7.208393322
6930,6.777614248
6931,6.884712171
6932,6.950309341
6933,7.056905041
6934,6.86203925
6935,7.168678637
6936,7.04980305
6939,7.123872887
694,6.882489911
6940,7.123872887
6941,7.039048013
6942,6.963273088
695,6.834374981
6951,7.635851003
6952,7.661562231
6953,6.953509345
6954,7.257409554
6955,7.003783085
696,6.770928584
697,6.791340855
6976,7.901085305
6977,7.275887753
6978,7.042180295
6979,8.360636612
698,6.322366217
6986,6.2656324
6987,6.620707542
6988,7.028147831
6989,6.920362497
699,6.550464154
6990,7.114082222
6991,7.070599453
6992,6.751091722
6993,6.867568379
6994,6.960018567
6995,6.920362497
6996,7.070599453
6997,7.028147831
6998,6.960018567
6999,6.920362497
70,6.028123929
700,6.124568032
7000,7.114082222
7001,7.070599453
7002,6.84048324
7003,6.751091722
7004,7.028147831
7005,6.960018567
7006,6.920362497
7007,7.114082222
7008,7.070599453
7009,6.84048324
701,6.333935521
7010,6.867568379
7011,7.028147831
7012,6.920362497
7013,7.114082222
7014,7.070599453
7015,6.751091722
7016,7.446995101
7017,7.771332908
7018,7.738103566
7019,8.179810895
702,7.151221995
7020,8.384539975
7021,8.731040838
7022,8.281804841
7023,8.595364245
7024,8.537433715
7025,8.597968329
7026,8.090672457
7028,8.182821443
7029,8.57911781
703,8.34487623
7032,7.29302338
7033,7.208618171
7034,6.168816781
7036,6.295745193
7038,7.079550862
7039,6.494421075
704,8.340213852
7040,6.374669059
7041,7.356289977
7042,7.1270901
7043,7.869584342
7044,7.504060182
7045,6.577049731
7046,6.7368639
7047,7.004494912
7048,7.213559197
7049,7.489433219
705,7.403106283
7050,7.425301957
7051,6.921013468
7052,6.727277245
7053,7.867333575
7054,8.29780247
7055,7.545262013
7056,7.907359973
7057,7.531642728
7058,7.860123978
7059,6.811310311
706,7.192686426
7060,6.88182634
7061,6.901469034
7062,6.929855476
7063,6.83541433
7064,6.984504916
7065,7.084595209
7066,7.02423526
7067,7.145883044
7068,7.246409023
7069,7.131508228
707,7.917757009
7070,7.263518194
7071,7.257196091
7072,7.17366333
7073,7.150653589
7074,6.865383825
7075,7.120386383
7076,7.023635837
7077,7.352094956
7078,7.359072144
7079,6.949906248
708,7.288695357
7080,7.425126704
7081,6.828131337
7082,6.961629796
7083,7.477971205
7084,6.988597073
709,7.311059003
71,6.01803234
710,7.40633496
7105,7.97745101
7106,7.783523595
7107,7.617935753
7108,7.617935753
7109,7.617935753
711,7.320890196
7110,7.617935753
7111,7.617935753
7112,7.617935753
7113,7.558207241
7115,7.055619974
7116,7.150351879
7117,6.959185172
7118,6.948409813
712,7.43920699
7121,7.045224741
7122,7.05703145
7123,6.835785519
7124,6.688722695
7125,6.836815347
7126,6.169460611
7127,7.000953024
7128,6.978971479
7129,7.019842731
713,7.519294503
7130,6.760076846
7131,7.371043749
7132,6.302712967
7133,6.944038688
7134,7.936823596
7135,7.617800779
7136,8.197277104
7137,8.214721021
7138,7.638816477
7139,7.347724661
714,7.713564732
7140,7.853508675
7141,7.817001141
7143,7.206879154
7145,7.225090684
7146,6.810816045
7147,8.061929689
7148,7.289104014
715,7.650015506
7150,6.294413458
7151,6.282378204
7152,6.156891596
7153,6.240369475
7154,6.677547789
7155,7.363148126
7156,6.893636943
7157,6.677547789
7158,6.936339956
7159,7.139689942
716,8.102690047
7165,6.305006789
7166,7.61503299
7167,7.962481461
7168,7.858928861
7169,7.890758794
717,8.018422726
7170,7.126963613
718,7.666755297
719,7.472905787
7191,6.148709999
7192,6.12123784
7193,6.257759538
7194,6.258296422
7195,6.282185202
7196,6.35620248
7197,6.324413263
7198,6.299684019
7199,6.719069533
72,5.829060273
720,7.589165107
7200,6.715736308
7201,6.662528763
7202,7.603280914
7203,7.412762545
7204,6.95293139
7205,7.436895347
7206,7.03433304
7207,6.804912777
7208,6.867644236
7209,6.900165436
721,7.562617255
7210,7.065869784
7211,6.988388341
722,7.062520339
723,7.550703802
724,7.38351516
725,7.78005592
7253,6.309740709
7254,6.208613358
7255,7.074634847
7256,6.39030952
7257,6.273898522
7258,6.741522347
7259,6.78046947
726,7.471067729
7261,6.690917828
7262,6.73124061
7263,6.966145868
7264,6.694234082
7265,6.990821004
7266,6.974038695
727,7.814479821
7273,7.959449891
7274,7.398856643
7279,8.147678119
728,7.557309284
7280,6.540477215
7281,6.304187391
7282,6.270202515
7283,6.357045927
7284,6.336425983
7285,7.349786748
7286,6.304187391
7287,6.052492883
7288,6.270202515
7289,6.357045927
7290,6.336425983
7291,6.086785121
7292,7.923462904
7293,8.450721691
7294,8.411127656
7295,7.906646463
7296,7.843505703
7297,7.618896567
7298,8.0040975
730,7.48930364
7304,7.881374759
7305,7.348066388
7306,7.399764567
7307,7.208983778
7308,7.29352573
731,6.815185881
7313,6.970052926
7314,6.682916949
7315,7.074999091
7316,7.18185264
732,6.699582651
7324,8.160988509
7325,7.832964091
7326,7.899209859
7327,7.626372088
7328,7.751692654
7329,7.904042673
733,7.216028356
7330,7.899004921
7331,5.943472052
7335,7.59759406
7336,7.769912378
7337,7.231009149
7338,7.187861206
7339,7.101053393
734,7.138280748
7340,7.523346178
7341,7.725559102
735,6.808006977
7356,6.298916503
7357,6.520310527
7358,6.400306951
7359,6.523934962
736,5.801520076
737,7.105077273
7374,6.486161783
7375,6.050950234
7376,7.037360128
7377,5.994472447
7378,6.420271902
7379,6.475048061
738,7.396346883
7380,6.575439836
7381,7.553275319
7383,7.471687312
739,7.414991663
740,7.218309174
741,7.129606982
7417,6.70381943
7418,6.62631506
7419,6.67292672
742,7.228676108
7420,7.998341248
7421,7.8990518
7422,8.035169484
7423,7.925323365
7424,7.62513031
743,7.17268574
745,7.613331254
746,7.50651088
747,6.880203604
7479,5.758245791
748,7.094254466
7480,6.102694756
7481,6.462597951
7482,6.290868452
7483,6.478978401
7484,6.87249095
749,7.11503163
7504,7.18321619
7505,7.295854007
7506,7.357424054
7507,7.57383025
7508,7.340850629
7527,6.984836088
7528,7.203622628
762,6.069660352
763,5.728298994
764,5.489365864
765,5.581320772
766,5.762382695
777,5.996198001
778,7.047227692
779,6.791729228
780,6.545362208
781,7.126094311
782,6.570653118
783,6.594585957
788,6.291827476
789,7.840533919
790,7.580002162
791,7.62522217
792,7.370534384
793,7.71625452
794,7.602192753
812,6.299953974
813,6.618014902
814,6.89029511
815,6.683972475
827,7.784532397
85,7.251575442
86,7.425431318
87,7.172709331
886,7.958539097
887,8.23510792
888,7.742110864
889,8.595506763
890,8.341877507
900,6.597226896
901,6.453916812
902,7.465218308
903,6.849680447
919,8.351628145
920,8.745220961
921,8.175641829
922,8.131180495
923,8.043756025
924,7.796883956
927,7.773667417
930,7.735917454
932,7.047803261
933,7.4995353
934,7.101692861
935,6.989542699
936,7.666612224
937,7.580575922
938,7.814240024
939,7.704221626
940,7.584998733
941,7.055731588
942,7.4995353
943,7.101692861
944,6.989542699
945,7.666612224
946,7.580575922
947,7.814240024
948,7.704221626
949,7.584998733
95,6.723766139
952,6.356935432
96,6.461065762
982,6.322984097
983,6.587576225
984,5.844723129
985,6.46847147
986,7.433847114
987,6.932110063
989,6.980498058
